Workbook
Name rename: Sheet1!$P$1:$P$8
Name xyz5: Sheet1!$XEO$8
Name xyz8: Sheet1!$A$1
Name ytu5: Sheet1!$A$1

Sheet Sheet1
A1: 1 | B1: 2 | C1: 1 | D1: 1 | E1: 1 | F1: 1 | G1: 1 | H1: 1 | I1: 1 | J1: 1 | M1: SUN | N1: JAN | P1: sundai | R1: 1234 | T1: MY NAME IS VIBEK | W1: 27.50002
A2: 1 | B2: 1 | C2: 1 | D2: 1 | E2: 1 | F2: 1 | G2: 1 | H2: 1 | I2: 1 | J2: 1 | M2: MON | N2: FEB | P2: sundai | R2: 343
A3: 1 | B3: 1 | C3: 1 | D3: 1 | E3: 1 | F3: 1 | G3: 1 | H3: 1 | I3: 1 | J3: 1 | M3: TUE | N3: MAR | P3: sundai | R3: 434 | T3: Aakash this side
A4: 1 | B4: 1 | C4: 1 | D4: 1 | E4: 1 | F4: 1 | G4: 1 | H4: 1 | I4: 1 | J4: 1 | M4: WED | N4: APR | P4: sundai | R4: 56 | X4: 46000
A5: 1 | B5: 1 | C5: 1 | D5: 1 | E5: 1 | F5: 1 | G5: 1 | H5: 1 | I5: 1 | J5: 1 | M5: THU | N5: MAY | P5: sundai | R5: 56767
A6: 1 | B6: 1 | C6: 1 | D6: 1 | E6: 1 | F6: 1 | G6: 1 | H6: 1 | I6: 1 | J6: 1 | M6: FRI | N6: JUN | P6: sundai | R6: 87 | T6: =+R8 -> 58921
A7: 1 | B7: 1 | C7: 1 | D7: 1 | E7: 1 | F7: 1 | G7: 1 | H7: 1 | I7: 1 | J7: 1 | M7: SAT | N7: JUL | P7: sundai
A8: 1 | B8: 1 | C8: 1 | D8: 1 | E8: 1 | F8: 1 | G8: 1 | H8: 1 | I8: 1 | J8: 1 | M8: SUN | N8: AUG | P8: sundai | R8: =SUM(R1:R7) -> 58921
A9: 1 | B9: 1 | C9: 1 | D9: 1 | E9: 1 | F9: 1 | G9: 1 | H9: 1 | I9: 1 | J9: 1 | M9: MON | N9: SEP
A10: 1 | B10: 1 | C10: 1 | D10: 1 | E10: 1 | F10: 1 | G10: 1 | H10: 1 | I10: 1 | J10: 1 | M10: TUE | N10: OCT
A11: 1 | B11: 1 | C11: 1 | D11: 1 | E11: 1 | F11: 1 | G11: 1 | H11: 1 | I11: 1 | J11: 1 | M11: WED | N11: NOV
A12: 1 | B12: 1 | C12: 1 | D12: 1 | E12: 1 | F12: 1 | G12: 1 | H12: 1 | I12: 1 | J12: 1 | M12: THU | N12: DEC
A13: 1 | B13: 1 | C13: 1 | D13: 1 | E13: 1 | F13: 1 | G13: 1 | H13: 1 | I13: 1 | J13: 1
A14: 1 | B14: 1 | C14: 1 | D14: 1 | E14: 1 | F14: 1 | G14: 1 | H14: 1 | I14: 1 | J14: 1
A15: 1 | B15: 1 | C15: 1 | D15: 1 | E15: 1 | F15: 1 | G15: 1 | H15: 1 | I15: 1 | J15: 1
A16: 1 | B16: 1 | C16: 1 | D16: 1 | E16: 1 | F16: 1 | G16: 1 | H16: 1 | I16: 1 | J16: 1
A17: 1 | B17: 1 | C17: 1 | D17: 1 | E17: 1 | F17: 1 | G17: 1 | H17: 1 | I17: 1 | J17: 1
A18: 1 | B18: 1 | C18: 1 | D18: 1 | E18: 1 | F18: 1 | G18: 1 | H18: 1 | I18: 1 | J18: 1
A19: 1 | B19: 1 | C19: 1 | D19: 1 | E19: 1 | F19: 1 | G19: 1 | H19: 1 | I19: 1 | J19: 1
A20: 1 | B20: 1 | C20: 1 | D20: 1 | E20: 1 | F20: 1 | G20: 1 | H20: 1 | I20: 1 | J20: 1
XFD19057: aakash
XFD109867: vibek

Sheet Sheet2
B1: name | C1: Sub1 | D1: Sub2 | E1: Sub3 | F1: BREAK | G1: Pt Class | H1: SUPW | I1: Dance class | J1: min | K1: max | L1: Status | M1: Total | N1: Percentage | O1: GRADE
B2: Vibek | C2: 65 | D2: 50 | E2: 79 | F2: TIFFIN | G2: 45 | H2: 88 | I2: 90 | J2: =MIN(C2,D2,E2,G2,H2,I2) -> 45 | K2: =MAX(C2,D2,E2,G2,H2,I2) -> 90 | L2: =IF(Sheet2!$M2>=450,"A","B") -> B | M2: =Sheet2!$C2+Sheet2!$D2+Sheet2!$E2+Sheet2!$G2+Sheet2!$H2+Sheet2!$I2 -> 417 | N2: =Sheet2!$M2/$G$11 -> 0.834 | O2: =IF(Sheet2!$N2>=80%,"A+",IF(N2>=70%,"B",IF(N2>=60%,"C"))) -> A+
B3: sulochana | C3: 69 | D3: 65 | E3: 81 | F3: TIFFIN | G3: 86 | H3: 50 | I3: 10 | J3: =MIN(C3,D3,E3,G3,H3,I3) -> 10 | K3: =MAX(C3,D3,E3,G3,H3,I3) -> 86 | L3: =IF(Sheet2!$M3>=450,"A","B") -> B | M3: =Sheet2!$C3+Sheet2!$D3+Sheet2!$E3+Sheet2!$G3+Sheet2!$H3+Sheet2!$I3 -> 361 | N3: =Sheet2!$M3/$G$11 -> 0.722 | O3: =IF(Sheet2!$N3>=80%,"A+",IF(N3>=70%,"B",IF(N3>=60%,"C"))) -> B
B4: Sudeshna | C4: 60 | D4: 70 | E4: 97 | F4: TIFFIN | G4: 56 | H4: 50 | I4: 99 | J4: =MIN(C4,D4,E4,G4,H4,I4) -> 50 | K4: =MAX(C4,D4,E4,G4,H4,I4) -> 99 | L4: =IF(Sheet2!$M4>=450,"A","B") -> B | M4: =Sheet2!$C4+Sheet2!$D4+Sheet2!$E4+Sheet2!$G4+Sheet2!$H4+Sheet2!$I4 -> 432 | N4: =Sheet2!$M4/$G$11 -> 0.864 | O4: =IF(Sheet2!$N4>=80%,"A+",IF(N4>=70%,"B",IF(N4>=60%,"C"))) -> A+
B5: Nishi | C5: 93 | D5: 88 | E5: 66 | F5: TIFFIN | G5: 76 | H5: 50 | I5: 90 | J5: =MIN(C5,D5,E5,G5,H5,I5) -> 50 | K5: =MAX(C5,D5,E5,G5,H5,I5) -> 93 | L5: =IF(Sheet2!$M5>=450,"A","B") -> A | M5: =Sheet2!$C5+Sheet2!$D5+Sheet2!$E5+Sheet2!$G5+Sheet2!$H5+Sheet2!$I5 -> 463 | N5: =Sheet2!$M5/$G$11 -> 0.926 | O5: =IF(Sheet2!$N5>=80%,"A+",IF(N5>=70%,"B",IF(N5>=60%,"C"))) -> A+
B6: Nisha | C6: 79 | D6: 66 | E6: 67 | F6: TIFFIN | G6: 40 | H6: 50 | I6: 99 | J6: =MIN(C6,D6,E6,G6,H6,I6) -> 40 | K6: =MAX(C6,D6,E6,G6,H6,I6) -> 99 | L6: =IF(Sheet2!$M6>=450,"A","B") -> B | M6: =Sheet2!$C6+Sheet2!$D6+Sheet2!$E6+Sheet2!$G6+Sheet2!$H6+Sheet2!$I6 -> 401 | N6: =Sheet2!$M6/$G$11 -> 0.802 | O6: =IF(Sheet2!$N6>=80%,"A+",IF(N6>=70%,"B",IF(N6>=60%,"C"))) -> A+
B7: Kumar | C7: 77 | D7: 89 | E7: 80 | F7: TIFFIN | G7: 78 | H7: 90 | I7: 80 | J7: =MIN(C7,D7,E7,G7,H7,I7) -> 77 | K7: =MAX(C7,D7,E7,G7,H7,I7) -> 90 | L7: =IF(Sheet2!$M7>=450,"A","B") -> A | M7: =Sheet2!$C7+Sheet2!$D7+Sheet2!$E7+Sheet2!$G7+Sheet2!$H7+Sheet2!$I7 -> 494 | N7: =Sheet2!$M7/$G$11 -> 0.988 | O7: =IF(Sheet2!$N7>=80%,"A+",IF(N7>=70%,"B",IF(N7>=60%,"C"))) -> A+
B8: Aakash | C8: 89 | D8: 90 | E8: 78 | F8: TIFFIN | G8: 87 | H8: 50 | I8: 30 | J8: =MIN(C8,D8,E8,G8,H8,I8) -> 30 | K8: =MAX(C8,D8,E8,G8,H8,I8) -> 90 | L8: =IF(Sheet2!$M8>=450,"A","B") -> B | M8: =Sheet2!$C8+Sheet2!$D8+Sheet2!$E8+Sheet2!$G8+Sheet2!$H8+Sheet2!$I8 -> 424 | N8: =Sheet2!$M8/$G$11 -> 0.848 | O8: =IF(Sheet2!$N8>=80%,"A+",IF(N8>=70%,"B",IF(N8>=60%,"C"))) -> A+
B9: Aniket | C9: 70 | D9: 60 | E9: 50 | F9: TIFFIN | G9: 56 | H9: 50 | I9: 40 | J9: =MIN(C9,D9,E9,G9,H9,I9) -> 40 | K9: =MAX(C9,D9,E9,G9,H9,I9) -> 70 | L9: =IF(Sheet2!$M9>=450,"A","B") -> B | M9: =Sheet2!$C9+Sheet2!$D9+Sheet2!$E9+Sheet2!$G9+Sheet2!$H9+Sheet2!$I9 -> 326 | N9: =Sheet2!$M9/$G$11 -> 0.652 | O9: =IF(Sheet2!$N9>=80%,"A+",IF(N9>=70%,"B",IF(N9>=60%,"C"))) -> C
G11: 500

Sheet Sheet4
B2: MULTIPICATION TABLE | P2: MULTIPICATION | R2: 10 | S2: 20 | T2: 30 | U2: 40 | V2: 50 | W2: 60 | X2: 70 | Y2: 80 | Z2: 90 | AA2: 100
C3: 1 | D3: 2 | E3: 3 | F3: 4 | G3: 5 | H3: 6 | I3: 7 | J3: 8 | K3: 9 | L3: 10 | Q3: 1 | R3: =R$2*$Q3 -> 10 | S3: =S$2*$Q3 -> 20 | T3: =T$2*$Q3 -> 30 | U3: =U$2*$Q3 -> 40 | V3: =V$2*$Q3 -> 50 | W3: =W$2*$Q3 -> 60 | X3: =X$2*$Q3 -> 70 | Y3: =Y$2*$Q3 -> 80 | ... AA3: =AA$2*$Q3 -> 100
B4: 10 | C4: =$B4*C$3 -> 10 | D4: =$B4*D$3 -> 20 | E4: =$B4*E$3 -> 30 | F4: =$B4*F$3 -> 40 | G4: =$B4*G$3 -> 50 | H4: =$B4*H$3 -> 60 | I4: =$B4*I$3 -> 70 | J4: =$B4*J$3 -> 80 | ... L4: =$B4*L$3 -> 100 | Q4: 2 | R4: =R$2*$Q4 -> 20 | S4: =S$2*$Q4 -> 40 | T4: =T$2*$Q4 -> 60 | U4: =U$2*$Q4 -> 80 | V4: =V$2*$Q4 -> 100 | W4: =W$2*$Q4 -> 120 | X4: =X$2*$Q4 -> 140 | Y4: =Y$2*$Q4 -> 160 | ... AA4: =AA$2*$Q4 -> 200
B5: 20 | C5: =$B5*C$3 -> 20 | D5: =$B5*D$3 -> 40 | E5: =$B5*E$3 -> 60 | F5: =$B5*F$3 -> 80 | G5: =$B5*G$3 -> 100 | H5: =$B5*H$3 -> 120 | I5: =$B5*I$3 -> 140 | J5: =$B5*J$3 -> 160 | ... L5: =$B5*L$3 -> 200 | Q5: 3 | R5: =R$2*$Q5 -> 30 | S5: =S$2*$Q5 -> 60 | T5: =T$2*$Q5 -> 90 | U5: =U$2*$Q5 -> 120 | V5: =V$2*$Q5 -> 150 | W5: =W$2*$Q5 -> 180 | X5: =X$2*$Q5 -> 210 | Y5: =Y$2*$Q5 -> 240 | ... AA5: =AA$2*$Q5 -> 300
B6: 30 | C6: =$B6*C$3 -> 30 | D6: =$B6*D$3 -> 60 | E6: =$B6*E$3 -> 90 | F6: =$B6*F$3 -> 120 | G6: =$B6*G$3 -> 150 | H6: =$B6*H$3 -> 180 | I6: =$B6*I$3 -> 210 | J6: =$B6*J$3 -> 240 | ... L6: =$B6*L$3 -> 300 | Q6: 4 | R6: =R$2*$Q6 -> 40 | S6: =S$2*$Q6 -> 80 | T6: =T$2*$Q6 -> 120 | U6: =U$2*$Q6 -> 160 | V6: =V$2*$Q6 -> 200 | W6: =W$2*$Q6 -> 240 | X6: =X$2*$Q6 -> 280 | Y6: =Y$2*$Q6 -> 320 | ... AA6: =AA$2*$Q6 -> 400
B7: 40 | C7: =$B7*C$3 -> 40 | D7: =$B7*D$3 -> 80 | E7: =$B7*E$3 -> 120 | F7: =$B7*F$3 -> 160 | G7: =$B7*G$3 -> 200 | H7: =$B7*H$3 -> 240 | I7: =$B7*I$3 -> 280 | J7: =$B7*J$3 -> 320 | ... L7: =$B7*L$3 -> 400 | Q7: 5 | R7: =R$2*$Q7 -> 50 | S7: =S$2*$Q7 -> 100 | T7: =T$2*$Q7 -> 150 | U7: =U$2*$Q7 -> 200 | V7: =V$2*$Q7 -> 250 | W7: =W$2*$Q7 -> 300 | X7: =X$2*$Q7 -> 350 | Y7: =Y$2*$Q7 -> 400 | ... AA7: =AA$2*$Q7 -> 500
B8: 50 | C8: =$B8*C$3 -> 50 | D8: =$B8*D$3 -> 100 | E8: =$B8*E$3 -> 150 | F8: =$B8*F$3 -> 200 | G8: =$B8*G$3 -> 250 | H8: =$B8*H$3 -> 300 | I8: =$B8*I$3 -> 350 | J8: =$B8*J$3 -> 400 | ... L8: =$B8*L$3 -> 500 | Q8: 6 | R8: =R$2*$Q8 -> 60 | S8: =S$2*$Q8 -> 120 | T8: =T$2*$Q8 -> 180 | U8: =U$2*$Q8 -> 240 | V8: =V$2*$Q8 -> 300 | W8: =W$2*$Q8 -> 360 | X8: =X$2*$Q8 -> 420 | Y8: =Y$2*$Q8 -> 480 | ... AA8: =AA$2*$Q8 -> 600
B9: 60 | C9: =$B9*C$3 -> 60 | D9: =$B9*D$3 -> 120 | E9: =$B9*E$3 -> 180 | F9: =$B9*F$3 -> 240 | G9: =$B9*G$3 -> 300 | H9: =$B9*H$3 -> 360 | I9: =$B9*I$3 -> 420 | J9: =$B9*J$3 -> 480 | ... L9: =$B9*L$3 -> 600 | Q9: 7 | R9: =R$2*$Q9 -> 70 | S9: =S$2*$Q9 -> 140 | T9: =T$2*$Q9 -> 210 | U9: =U$2*$Q9 -> 280 | V9: =V$2*$Q9 -> 350 | W9: =W$2*$Q9 -> 420 | X9: =X$2*$Q9 -> 490 | Y9: =Y$2*$Q9 -> 560 | ... AA9: =AA$2*$Q9 -> 700
B10: 70 | C10: =$B10*C$3 -> 70 | D10: =$B10*D$3 -> 140 | E10: =$B10*E$3 -> 210 | F10: =$B10*F$3 -> 280 | G10: =$B10*G$3 -> 350 | H10: =$B10*H$3 -> 420 | I10: =$B10*I$3 -> 490 | J10: =$B10*J$3 -> 560 | ... L10: =$B10*L$3 -> 700 | Q10: 8 | R10: =R$2*$Q10 -> 80 | S10: =S$2*$Q10 -> 160 | T10: =T$2*$Q10 -> 240 | U10: =U$2*$Q10 -> 320 | V10: =V$2*$Q10 -> 400 | W10: =W$2*$Q10 -> 480 | X10: =X$2*$Q10 -> 560 | Y10: =Y$2*$Q10 -> 640 | ... AA10: =AA$2*$Q10 -> 800
B11: 80 | C11: =$B11*C$3 -> 80 | D11: =$B11*D$3 -> 160 | E11: =$B11*E$3 -> 240 | F11: =$B11*F$3 -> 320 | G11: =$B11*G$3 -> 400 | H11: =$B11*H$3 -> 480 | I11: =$B11*I$3 -> 560 | J11: =$B11*J$3 -> 640 | ... L11: =$B11*L$3 -> 800 | Q11: 9 | R11: =R$2*$Q11 -> 90 | S11: =S$2*$Q11 -> 180 | T11: =T$2*$Q11 -> 270 | U11: =U$2*$Q11 -> 360 | V11: =V$2*$Q11 -> 450 | W11: =W$2*$Q11 -> 540 | X11: =X$2*$Q11 -> 630 | Y11: =Y$2*$Q11 -> 720 | ... AA11: =AA$2*$Q11 -> 900
B12: 90 | C12: =$B12*C$3 -> 90 | D12: =$B12*D$3 -> 180 | E12: =$B12*E$3 -> 270 | F12: =$B12*F$3 -> 360 | G12: =$B12*G$3 -> 450 | H12: =$B12*H$3 -> 540 | I12: =$B12*I$3 -> 630 | J12: =$B12*J$3 -> 720 | ... L12: =$B12*L$3 -> 900 | Q12: 10 | R12: =R$2*$Q12 -> 100 | S12: =S$2*$Q12 -> 200 | T12: =T$2*$Q12 -> 300 | U12: =U$2*$Q12 -> 400 | V12: =V$2*$Q12 -> 500 | W12: =W$2*$Q12 -> 600 | X12: =X$2*$Q12 -> 700 | Y12: =Y$2*$Q12 -> 800 | ... AA12: =AA$2*$Q12 -> 1000
B13: 100 | C13: =$B13*C$3 -> 100 | D13: =$B13*D$3 -> 200 | E13: =$B13*E$3 -> 300 | F13: =$B13*F$3 -> 400 | G13: =$B13*G$3 -> 500 | H13: =$B13*H$3 -> 600 | I13: =$B13*I$3 -> 700 | J13: =$B13*J$3 -> 800 | ... L13: =$B13*L$3 -> 1000

Sheet Sheet6
E8: CUSTOMER | F8: PUR AMT | G8: DIS AMT | H8: TOTAL
E9: vibek | F9: 3200 | G9: =IF(F9>=1000,10/100*F9) -> 320 | H9: =F9-G9 -> 2880
E10: aakash | F10: 5700 | G10: =IF(F10>=1000,10/100*F10) -> 570 | H10: =F10-G10 -> 5130
E11: sudeshna | F11: 2374 | G11: =IF(F11>=1000,10/100*F11) -> 237.4 | H11: =F11-G11 -> 2136.6
E12: nisha | F12: 15027.9 | G12: =IF(F12>=1000,10/100*F12) -> 1502.79 | H12: =F12-G12 -> 13525.11

Sheet Sheet5
