Workbook

Sheet Product
A1: Products | I1: VLOOKUP VALUE
A2: Products ID | B2: Product | C2: Price | D2: ! Ordered | E2: Sold
A3: 101 | B3: Product A | C3: 120 | D3: =IFERROR(VLOOKUP(A2,Orders!$B$2:$B$7,1,FALSE),"Not Ordered") -> Not Ordered | E3: =SUMIF(Orders!$B$2:$B$7, A2, Orders!$C$2:$C$7) -> 0
A4: 102 | B4: Product B | C4: 150 | D4: =IFERROR(VLOOKUP(A3,Orders!$B$2:$B$7,1,FALSE),"Not Ordered") -> 101 | E4: =SUMIF(Orders!$B$2:$B$7, A3, Orders!$C$2:$C$7) -> 2
A5: 103 | B5: Product C | C5: 200 | D5: =IFERROR(VLOOKUP(A4,Orders!$B$2:$B$7,1,FALSE),"Not Ordered") -> 102 | E5: =SUMIF(Orders!$B$2:$B$7, A4, Orders!$C$2:$C$7) -> 5
A6: 104 | B6: Product D | C6: 90 | D6: =IFERROR(VLOOKUP(A5,Orders!$B$2:$B$7,1,FALSE),"Not Ordered") -> 103 | E6: =SUMIF(Orders!$B$2:$B$7, A5, Orders!$C$2:$C$7) -> 1
A7: 105 | B7: Product E | C7: 220 | D7: =IFERROR(VLOOKUP(A6,Orders!$B$2:$B$7,1,FALSE),"Not Ordered") -> Not Ordered | E7: =SUMIF(Orders!$B$2:$B$7, A6, Orders!$C$2:$C$7) -> 0
A8: 106 | B8: Product F | C8: 130 | D8: =IFERROR(VLOOKUP(A7,Orders!$B$2:$B$7,1,FALSE),"Not Ordered") -> 105 | E8: =SUMIF(Orders!$B$2:$B$7, A7, Orders!$C$2:$C$7) -> 4

Sheet Orders
A1: Orders
A2: OrdersID | B2: ProductID | C2: Quantity | D2: TotalPrice | E2: Product Name | F2: Discount | G2: Maximun
A3: 1 | B3: 101 | C3: 2 | D3: =C3*VLOOKUP(B3,Product!$A$2:$C$8,3,0) -> 240 | E3: =VLOOKUP(B3,Product!$A$2:$C$8,2,0) -> Product A | F3: =VLOOKUP(B3,Product!$A$2:$C$8,3,0)*0.1 -> 12 | G3: =MAX(D3:D8) -> 880
A4: 2 | B4: 103 | C4: 1 | D4: =C4*VLOOKUP(B4,Product!$A$2:$C$8,3,0) -> 200 | E4: =VLOOKUP(B4,Product!$A$2:$C$8,2,0) -> Product C | F4: =VLOOKUP(B4,Product!$A$2:$C$8,3,0)*0.1 -> 20
A5: 3 | B5: 105 | C5: 4 | D5: =C5*VLOOKUP(B5,Product!$A$2:$C$8,3,0) -> 880 | E5: =VLOOKUP(B5,Product!$A$2:$C$8,2,0) -> Product E | F5: =VLOOKUP(B5,Product!$A$2:$C$8,3,0)*0.1 -> 22
A6: 4 | B6: 106 | C6: 3 | D6: =C6*VLOOKUP(B6,Product!$A$2:$C$8,3,0) -> 390 | E6: =VLOOKUP(B6,Product!$A$2:$C$8,2,0) -> Product F | F6: =VLOOKUP(B6,Product!$A$2:$C$8,3,0)*0.1 -> 13
A7: 5 | B7: 102 | C7: 5 | D7: =C7*VLOOKUP(B7,Product!$A$2:$C$8,3,0) -> 750 | E7: =VLOOKUP(B7,Product!$A$2:$C$8,2,0) -> Product B | F7: =VLOOKUP(B7,Product!$A$2:$C$8,3,0)*0.1 -> 15
A8: 6 | B8: 104 | C8: 6 | D8: =C8*VLOOKUP(B8,Product!$A$2:$C$8,3,0) -> 540 | E8: =VLOOKUP(B8,Product!$A$2:$C$8,2,0) -> Product D | F8: =VLOOKUP(B8,Product!$A$2:$C$8,3,0)*0.1 -> 9

Sheet Sheet3
